source_id	resource_name	resource_category	species	taxonomy_id	release_version	archive_snapshot_date	release_date	retrieval_date_utc	retrieval_url	landing_page_url	accession	original_filename	local_relative_path	file_format	compression	file_size_bytes	sha256	md5_if_source_provides_it	license_name	license_url	citation	doi	pmid	data_role	expected_evidence_type	is_training_candidate	is_external_holdout	is_temporal_holdout	download_method	download_command_or_script	notes
SRC_A1_INTACT_ARA	IntAct / IMEx	Molecular Interaction Database	Arabidopsis thaliana	3702	Release 252	2026-09-21	2026-01-20	2026-09-21	https://www.ebi.ac.uk/Tools/webservices/psicquic/intact/webservices/current/search/query/species:3702?format=tab27	https://www.ebi.ac.uk/intact/	taxid:3702	intact_arabidopsis_taxid3702_release252.mitab27.txt	data/raw/arabidopsis/intact/intact_arabidopsis_taxid3702_release252.mitab27.txt	PSI-MI TAB 2.7	none	157343292	4c437e16a14926ca7125f99679dad1243734787eb244c0e59ecb0380cfd7ea4b	NONE	Creative Commons Attribution 4.0 International (CC BY 4.0)	https://www.ebi.ac.uk/about/terms-of-use	del-Toro N, et al. The IntAct database: efficient access to fine-grained molecular interaction data. Nucleic Acids Res. 2022;50(D1):D648-D653.	10.1093/nar/gkab1006	34791374	core_positive_source	direct_and_association	True	False	False	PSICQUIC REST API	scripts/phase1_download_sources.py	Full unadulterated MITAB 2.7 records retrieved from EBI PSICQUIC service for TaxID 3702.
SRC_A2_BIOGRID_ARA	BioGRID	Biological General Repository for Interaction Datasets	Arabidopsis thaliana	3702	5.0.261	2026-09-21	2026-08-25	2026-09-21	https://downloads.thebiogrid.org/Download/BioGRID/Release-Archive/BIOGRID-5.0.261/BIOGRID-ORGANISM-Arabidopsis_thaliana_Columbia-5.0.261.tab3.txt	https://thebiogrid.org/	BIOGRID-ORGANISM-BIOGRID-ORGANISM-Arabidopsis_thaliana_Columbia-5.0.261.tab3.txt	BIOGRID-ORGANISM-Arabidopsis_thaliana_Columbia-5.0.261.tab3.txt	data/raw/arabidopsis/biogrid/BIOGRID-ORGANISM-Arabidopsis_thaliana_Columbia-5.0.261.tab3.txt	BioGRID TAB 3.0	none	43023496	c1c1cbfaee06a0e73faa2505a5281eaf292cd75661e23942ab53e055cd95f241	NONE	MIT License	https://wiki.thebiogrid.org/doku.php/biogrid_licensing	Oughtred R, et al. The BioGRID database: A comprehensive biomedical resource of curated protein, genetic, and chemical interactions. Protein Sci. 2021;30(1):187-200.	10.1002/pro.3978	33073389	core_positive_source	physical_and_genetic	True	False	False	Archive extraction from official BioGRID Release-Archive	scripts/phase1_download_sources.py	Exact immutable raw tab3 file. Contains physical and genetic interactions; no filtering applied.
SRC_B3_BIOGRID_RICE	BioGRID	Biological General Repository for Interaction Datasets	Oryza sativa Japonica Group	39947	5.0.261	2026-09-21	2026-08-25	2026-09-21	https://downloads.thebiogrid.org/Download/BioGRID/Release-Archive/BIOGRID-5.0.261/BIOGRID-ORGANISM-Oryza_sativa_Japonica-5.0.261.tab3.txt	https://thebiogrid.org/	BIOGRID-ORGANISM-BIOGRID-ORGANISM-Oryza_sativa_Japonica-5.0.261.tab3.txt	BIOGRID-ORGANISM-Oryza_sativa_Japonica-5.0.261.tab3.txt	data/raw/rice/biogrid/BIOGRID-ORGANISM-Oryza_sativa_Japonica-5.0.261.tab3.txt	BioGRID TAB 3.0	none	110438	7230167dc2345caeebe5cba5731f293f994f201ae0b8ef4b5cb93cadd06a246f	NONE	MIT License	https://wiki.thebiogrid.org/doku.php/biogrid_licensing	Oughtred R, et al. The BioGRID database: A comprehensive biomedical resource of curated protein, genetic, and chemical interactions. Protein Sci. 2021;30(1):187-200.	10.1002/pro.3978	33073389	core_positive_source	physical_and_genetic	True	False	False	Archive extraction from official BioGRID Release-Archive	scripts/phase1_download_sources.py	Exact immutable raw tab3 file. Contains physical and genetic interactions; no filtering applied.
SRC_C1_BIOGRID_MAIZE	BioGRID	Biological General Repository for Interaction Datasets	Zea mays	4577	5.0.261	2026-09-21	2026-08-25	2026-09-21	https://downloads.thebiogrid.org/Download/BioGRID/Release-Archive/BIOGRID-5.0.261/BIOGRID-ORGANISM-Zea_mays-5.0.261.tab3.txt	https://thebiogrid.org/	BIOGRID-ORGANISM-BIOGRID-ORGANISM-Zea_mays-5.0.261.tab3.txt	BIOGRID-ORGANISM-Zea_mays-5.0.261.tab3.txt	data/raw/external_holdout/maize/BIOGRID-ORGANISM-Zea_mays-5.0.261.tab3.txt	BioGRID TAB 3.0	none	5898	12b760045851e3c3efa17a2d25c50e1cb90d35b65ee19f6480b4a8ae065ddf85	NONE	MIT License	https://wiki.thebiogrid.org/doku.php/biogrid_licensing	Oughtred R, et al. The BioGRID database: A comprehensive biomedical resource of curated protein, genetic, and chemical interactions. Protein Sci. 2021;30(1):187-200.	10.1002/pro.3978	33073389	external_species_holdout	physical_and_genetic	False	True	False	Archive extraction from official BioGRID Release-Archive	scripts/phase1_download_sources.py	Exact immutable raw tab3 file. Contains physical and genetic interactions; no filtering applied.
SRC_C2_BIOGRID_TOMATO	BioGRID	Biological General Repository for Interaction Datasets	Solanum lycopersicum	4081	5.0.261	2026-09-21	2026-08-25	2026-09-21	https://downloads.thebiogrid.org/Download/BioGRID/Release-Archive/BIOGRID-5.0.261/BIOGRID-ORGANISM-Solanum_lycopersicum-5.0.261.tab3.txt	https://thebiogrid.org/	BIOGRID-ORGANISM-BIOGRID-ORGANISM-Solanum_lycopersicum-5.0.261.tab3.txt	BIOGRID-ORGANISM-Solanum_lycopersicum-5.0.261.tab3.txt	data/raw/external_holdout/tomato/BIOGRID-ORGANISM-Solanum_lycopersicum-5.0.261.tab3.txt	BioGRID TAB 3.0	none	37222	851207b6cfc0062612ec13ee18076ec0c1119b9452e79c33a72518a08404e81b	NONE	MIT License	https://wiki.thebiogrid.org/doku.php/biogrid_licensing	Oughtred R, et al. The BioGRID database: A comprehensive biomedical resource of curated protein, genetic, and chemical interactions. Protein Sci. 2021;30(1):187-200.	10.1002/pro.3978	33073389	external_species_holdout	physical_and_genetic	False	True	False	Archive extraction from official BioGRID Release-Archive	scripts/phase1_download_sources.py	Exact immutable raw tab3 file. Contains physical and genetic interactions; no filtering applied.
SRC_C3_BIOGRID_SOYBEAN	BioGRID	Biological General Repository for Interaction Datasets	Glycine max	3847	5.0.261	2026-09-21	2026-08-25	2026-09-21	https://downloads.thebiogrid.org/Download/BioGRID/Release-Archive/BIOGRID-5.0.261/BIOGRID-ORGANISM-Glycine_max-5.0.261.tab3.txt	https://thebiogrid.org/	BIOGRID-ORGANISM-BIOGRID-ORGANISM-Glycine_max-5.0.261.tab3.txt	BIOGRID-ORGANISM-Glycine_max-5.0.261.tab3.txt	data/raw/external_holdout/soybean/BIOGRID-ORGANISM-Glycine_max-5.0.261.tab3.txt	BioGRID TAB 3.0	none	13433	9de9e10a5dcf41035159f4bad2394cdf98d3955f1b81a2115129d68effba0ea0	NONE	MIT License	https://wiki.thebiogrid.org/doku.php/biogrid_licensing	Oughtred R, et al. The BioGRID database: A comprehensive biomedical resource of curated protein, genetic, and chemical interactions. Protein Sci. 2021;30(1):187-200.	10.1002/pro.3978	33073389	external_species_holdout	physical_and_genetic	False	True	False	Archive extraction from official BioGRID Release-Archive	scripts/phase1_download_sources.py	Exact immutable raw tab3 file. Contains physical and genetic interactions; no filtering applied.
SRC_A3_STRING_ARA_PHYSICAL	STRING	Protein-Protein Association Database	Arabidopsis thaliana	3702	v12.0	2026-09-21	2023-06-25	2026-09-21	https://stringdb-downloads.org/download/protein.physical.links.detailed.v12.0/3702.protein.physical.links.detailed.v12.0.txt.gz	https://string-db.org/	taxid:3702	3702.protein.physical.links.detailed.v12.0.txt.gz	data/raw/arabidopsis/string/3702.protein.physical.links.detailed.v12.0.txt.gz	STRING TSV (gzipped)	gzip	6788203	9628efca6650913f30d4ffc930abea7e7b5b2f51385aef46f461e496da6b4c1b	NONE	Creative Commons Attribution 4.0 International (CC BY 4.0)	https://string-db.org/cgi/access.pl?footer_active_subpage=licensing	Szklarczyk D, et al. The STRING database in 2023: protein-protein association networks with increased coverage, high-throughput experimental datasets and advanced user interfaces. Nucleic Acids Res. 2023;51(D1):D638-D646.	10.1093/nar/gkac1000	36370105	supplemental_source	physical_links_detailed	True	False	False	HTTPS bulk download	scripts/phase1_download_sources.py	Raw gzipped evidence channels. Retains species-native and transferred scores.
SRC_A3_STRING_ARA_ALL_LINKS	STRING	Protein-Protein Association Database	Arabidopsis thaliana	3702	v12.0	2026-09-21	2023-06-25	2026-09-21	https://stringdb-downloads.org/download/protein.links.detailed.v12.0/3702.protein.links.detailed.v12.0.txt.gz	https://string-db.org/	taxid:3702	3702.protein.links.detailed.v12.0.txt.gz	data/raw/arabidopsis/string/3702.protein.links.detailed.v12.0.txt.gz	STRING TSV (gzipped)	gzip	107382566	c5f1e5e1e0f38b8dd7a0b2860ca82a058a31c5b51bff21b1e5054de67d38ee7c	NONE	Creative Commons Attribution 4.0 International (CC BY 4.0)	https://string-db.org/cgi/access.pl?footer_active_subpage=licensing	Szklarczyk D, et al. The STRING database in 2023: protein-protein association networks with increased coverage, high-throughput experimental datasets and advanced user interfaces. Nucleic Acids Res. 2023;51(D1):D638-D646.	10.1093/nar/gkac1000	36370105	supplemental_source	all_links_detailed	True	False	False	HTTPS bulk download	scripts/phase1_download_sources.py	Raw gzipped evidence channels. Retains species-native and transferred scores.
SRC_A3_STRING_ARA_ALIASES	STRING	Protein-Protein Association Database	Arabidopsis thaliana	3702	v12.0	2026-09-21	2023-06-25	2026-09-21	https://stringdb-downloads.org/download/protein.aliases.v12.0/3702.protein.aliases.v12.0.txt.gz	https://string-db.org/	taxid:3702	3702.protein.aliases.v12.0.txt.gz	data/raw/arabidopsis/string/3702.protein.aliases.v12.0.txt.gz	STRING TSV (gzipped)	gzip	3442113	18b48b5f7dbd3449366c15dc99a01849314628d510434fa778698a811f0f2270	NONE	Creative Commons Attribution 4.0 International (CC BY 4.0)	https://string-db.org/cgi/access.pl?footer_active_subpage=licensing	Szklarczyk D, et al. The STRING database in 2023: protein-protein association networks with increased coverage, high-throughput experimental datasets and advanced user interfaces. Nucleic Acids Res. 2023;51(D1):D638-D646.	10.1093/nar/gkac1000	36370105	supplemental_source	protein_aliases	True	False	False	HTTPS bulk download	scripts/phase1_download_sources.py	Raw gzipped evidence channels. Retains species-native and transferred scores.
SRC_A4_XLMS_2026_PLINK_SEARCH	PRIDE / ProteomeXchange (Trinh et al., PNAS 2026)	Proteomic Cross-Linking Mass Spectrometry Repository	Arabidopsis thaliana	3702	2026-07 (Deposited) / 2026-08 (Published)	2026-09-21	2026-08-11	2026-09-21	https://ftp.pride.ebi.ac.uk/pride/data/archive/2026/07/PXD066234/Total_XL_plink3-2_v3.csv	https://www.ebi.ac.uk/pride/archive/projects/PXD066234	PXD066234 / PXD066291	Total_XL_plink3-2_v3.csv	data/raw/arabidopsis/xlms_2026/Total_XL_plink3-2_v3.csv	CSV (pLink 3.2 output / metadata)	none	187193408	3fa493b4365f21abc5b34251b05da77cc17b6d09149b40143003c83dd742f40a	NONE	Creative Commons Public Domain Dedication (CC0 1.0)	https://www.ebi.ac.uk/pride/markdownpage/pridedataguidelines	Trinh CS, Shrestha R, Mao P, Conner WC, Reyes AV, Karunadasa SS, Yu A, Liu G, Hu K, Xu SL. Mapping the architecture of protein complexes in Arabidopsis using cross-linking mass spectrometry. Proc Natl Acad Sci USA. 2026;123(33):e2519615123.	10.1073/pnas.2519615123	39133827	temporal_holdout	processed_crosslink_search	False	False	True	HTTPS download from PRIDE FTP mirror	scripts/phase1_download_sources.py	Processed inter-protein cross-link identification table (390,527 records at 5% FDR). Quarantined as temporal holdout. Omitted accessions note: PXD073734 and PXD078284 contain >700 GB of raw uninterpreted instrument .RAW files/fractionation spectra; omitted because processed table in PXD066234 captures all identified cross-links. Temporal caveat: Publication/deposition in 2026 postdates the documented PPLM paired-pretraining sources and cutoff. This establishes dataset-level temporal separation from PPLM pretraining. It does not establish pair-level novelty, because individual biological interactions may have appeared previously in STRING, PDB, IntAct, or the literature; exact pair exposure will therefore be audited separately.
SRC_A4_XLMS_2026_METADATA_LYSATE	PRIDE / ProteomeXchange (Trinh et al., PNAS 2026)	Proteomic Cross-Linking Mass Spectrometry Repository	Arabidopsis thaliana	3702	2026-07 (Deposited) / 2026-08 (Published)	2026-09-21	2026-08-11	2026-09-21	https://ftp.pride.ebi.ac.uk/pride/data/archive/2026/07/PXD066234/Cell_lysateXL_File_description.csv	https://www.ebi.ac.uk/pride/archive/projects/PXD066234	PXD066234 / PXD066291	Cell_lysateXL_File_description.csv	data/raw/arabidopsis/xlms_2026/Cell_lysateXL_File_description.csv	CSV (pLink 3.2 output / metadata)	none	2634	8eeecbe7b13a37edff0a5be84a6ee88ec11968152c34053aafe1c71b931d3277	NONE	Creative Commons Public Domain Dedication (CC0 1.0)	https://www.ebi.ac.uk/pride/markdownpage/pridedataguidelines	Trinh CS, Shrestha R, Mao P, Conner WC, Reyes AV, Karunadasa SS, Yu A, Liu G, Hu K, Xu SL. Mapping the architecture of protein complexes in Arabidopsis using cross-linking mass spectrometry. Proc Natl Acad Sci USA. 2026;123(33):e2519615123.	10.1073/pnas.2519615123	39133827	temporal_holdout	metadata	False	False	True	HTTPS download from PRIDE FTP mirror	scripts/phase1_download_sources.py	Processed inter-protein cross-link identification table (390,527 records at 5% FDR). Quarantined as temporal holdout. Omitted accessions note: PXD073734 and PXD078284 contain >700 GB of raw uninterpreted instrument .RAW files/fractionation spectra; omitted because processed table in PXD066234 captures all identified cross-links. Temporal caveat: Publication/deposition in 2026 postdates the documented PPLM paired-pretraining sources and cutoff. This establishes dataset-level temporal separation from PPLM pretraining. It does not establish pair-level novelty, because individual biological interactions may have appeared previously in STRING, PDB, IntAct, or the literature; exact pair exposure will therefore be audited separately.
SRC_A4_XLMS_2026_METADATA_CHLOROPLAST	PRIDE / ProteomeXchange (Trinh et al., PNAS 2026)	Proteomic Cross-Linking Mass Spectrometry Repository	Arabidopsis thaliana	3702	2026-07 (Deposited) / 2026-08 (Published)	2026-09-21	2026-08-11	2026-09-21	https://ftp.pride.ebi.ac.uk/pride/data/archive/2026/07/PXD066291/ChloroplastXL_File_description_v2.csv	https://www.ebi.ac.uk/pride/archive/projects/PXD066234	PXD066234 / PXD066291	ChloroplastXL_File_description_v2.csv	data/raw/arabidopsis/xlms_2026/ChloroplastXL_File_description_v2.csv	CSV (pLink 3.2 output / metadata)	none	1551	10a29e6df47bb8ec54ad1df08a8d2340cf3742634c8f07fdd8a8694a51dda2db	NONE	Creative Commons Public Domain Dedication (CC0 1.0)	https://www.ebi.ac.uk/pride/markdownpage/pridedataguidelines	Trinh CS, Shrestha R, Mao P, Conner WC, Reyes AV, Karunadasa SS, Yu A, Liu G, Hu K, Xu SL. Mapping the architecture of protein complexes in Arabidopsis using cross-linking mass spectrometry. Proc Natl Acad Sci USA. 2026;123(33):e2519615123.	10.1073/pnas.2519615123	39133827	temporal_holdout	metadata	False	False	True	HTTPS download from PRIDE FTP mirror	scripts/phase1_download_sources.py	Processed inter-protein cross-link identification table (390,527 records at 5% FDR). Quarantined as temporal holdout. Omitted accessions note: PXD073734 and PXD078284 contain >700 GB of raw uninterpreted instrument .RAW files/fractionation spectra; omitted because processed table in PXD066234 captures all identified cross-links. Temporal caveat: Publication/deposition in 2026 postdates the documented PPLM paired-pretraining sources and cutoff. This establishes dataset-level temporal separation from PPLM pretraining. It does not establish pair-level novelty, because individual biological interactions may have appeared previously in STRING, PDB, IntAct, or the literature; exact pair exposure will therefore be audited separately.
SRC_B1_BIPSEQ_PMC_XML	POPPIN / RiPPID Underlying Literature (BIP-seq Full Text)	High-Throughput Rice Interactome Screen Publication	Oryza sativa	4530	Adv Sci 2025; 12: e2416243	2026-09-21	2025-01-22	2026-09-21	https://eutils.ncbi.nlm.nih.gov/entrez/eutils/efetch.fcgi?db=pmc&id=11923860&retmode=xml	https://www.ncbi.nlm.nih.gov/pmc/articles/PMC11923860/	PMC11923860 / PMID:39840553	BIP_seq_PMC11923860_fulltext.xml	data/raw/rice/poppin/BIP_seq_PMC11923860_fulltext.xml	JATS XML	none	153108	7b7c6dad02242da8bbebad1fc60c832dbd2ceb2aa2537fa58dc3be93f7a69099	NONE	Creative Commons Attribution 4.0 International (CC BY 4.0)	https://creativecommons.org/licenses/by/4.0/	Liu X, Xia D, Luo J, Li M, Chen L, et al. Global Protein Interactome Mapping in Rice Using Barcode-Indexed PCR Coupled with HiFi Long-Read Sequencing. Adv Sci (Weinh). 2025;12(11):e2416243.	10.1002/advs.202416243	39840553	core_positive_source	y2h_bipseq_direct	True	False	False	NCBI E-utilities efetch	scripts/phase1_download_sources.py	POPPIN bulk interaction dataset: BLOCKED/NOT AVAILABLE (web query portal only, lacks programmatic API or bulk interactome export); underlying primary BIP-seq interactome publication frozen as physical rice interactome source.
SRC_B2_INTACT_RICE_39947	IntAct / IMEx	Molecular Interaction Database	Oryza sativa Japonica Group	39947	Release 252	2026-09-21	2026-01-20	2026-09-21	https://www.ebi.ac.uk/Tools/webservices/psicquic/intact/webservices/current/search/query/species:39947?format=tab27	https://www.ebi.ac.uk/intact/	taxid:39947	intact_rice_taxid39947_release252.mitab27.txt	data/raw/rice/intact/intact_rice_taxid39947_release252.mitab27.txt	PSI-MI TAB 2.7	none	1480902	80c05b9ae060d4a23eb95a065598338d7f75902ba62f75f47d51178829204723	NONE	Creative Commons Attribution 4.0 International (CC BY 4.0)	https://www.ebi.ac.uk/about/terms-of-use	del-Toro N, et al. Nucleic Acids Res. 2022;50(D1):D648-D653.	10.1093/nar/gkab1006	34791374	core_positive_source	direct_and_association	True	False	False	PSICQUIC REST API	scripts/phase1_download_sources.py	Raw unadulterated MITAB 2.7 records for Oryza sativa japonica (TaxID 39947).
SRC_B2_INTACT_RICE_4530	IntAct / IMEx	Molecular Interaction Database	Oryza sativa	4530	Release 252	2026-09-21	2026-01-20	2026-09-21	https://www.ebi.ac.uk/Tools/webservices/psicquic/intact/webservices/current/search/query/species:4530?format=tab27	https://www.ebi.ac.uk/intact/	taxid:4530	intact_rice_taxid4530_release252.mitab27.txt	data/raw/rice/intact/intact_rice_taxid4530_release252.mitab27.txt	PSI-MI TAB 2.7	none	759399	89ee5b8910ee73b851ce52cc06c7f7c29af1f389b5d7f4bbfc1c0fffce9b76ab	NONE	Creative Commons Attribution 4.0 International (CC BY 4.0)	https://www.ebi.ac.uk/about/terms-of-use	del-Toro N, et al. Nucleic Acids Res. 2022;50(D1):D648-D653.	10.1093/nar/gkab1006	34791374	core_positive_source	direct_and_association	True	False	False	PSICQUIC REST API	scripts/phase1_download_sources.py	Raw unadulterated MITAB 2.7 records for general Oryza sativa (TaxID 4530).
SRC_B4_STRING_RICE_PHYSICAL	STRING	Protein-Protein Association Database	Oryza sativa Japonica Group	39947	v12.0	2026-09-21	2023-06-25	2026-09-21	https://stringdb-downloads.org/download/protein.physical.links.detailed.v12.0/39947.protein.physical.links.detailed.v12.0.txt.gz	https://string-db.org/	taxid:39947	39947.protein.physical.links.detailed.v12.0.txt.gz	data/raw/rice/string/39947.protein.physical.links.detailed.v12.0.txt.gz	STRING TSV (gzipped)	gzip	8883420	3617403bc948374b12af434d58aa811bf56614ab99c69b88cc7933346738de79	NONE	Creative Commons Attribution 4.0 International (CC BY 4.0)	https://string-db.org/cgi/access.pl?footer_active_subpage=licensing	Szklarczyk D, et al. Nucleic Acids Res. 2023;51(D1):D638-D646.	10.1093/nar/gkac1000	36370105	supplemental_source	physical_links_detailed	True	False	False	HTTPS bulk download	scripts/phase1_download_sources.py	Rice v12.0 evidence channels. In later phases, transferred interolog scores will be decoupled.
SRC_B4_STRING_RICE_ALL_LINKS	STRING	Protein-Protein Association Database	Oryza sativa Japonica Group	39947	v12.0	2026-09-21	2023-06-25	2026-09-21	https://stringdb-downloads.org/download/protein.links.detailed.v12.0/39947.protein.links.detailed.v12.0.txt.gz	https://string-db.org/	taxid:39947	39947.protein.links.detailed.v12.0.txt.gz	data/raw/rice/string/39947.protein.links.detailed.v12.0.txt.gz	STRING TSV (gzipped)	gzip	462355223	931101ec06eaa70752ac844eeec36720f05c246c7f20802466d1cc1fccf3c2da	NONE	Creative Commons Attribution 4.0 International (CC BY 4.0)	https://string-db.org/cgi/access.pl?footer_active_subpage=licensing	Szklarczyk D, et al. Nucleic Acids Res. 2023;51(D1):D638-D646.	10.1093/nar/gkac1000	36370105	supplemental_source	all_links_detailed	True	False	False	HTTPS bulk download	scripts/phase1_download_sources.py	Rice v12.0 evidence channels. In later phases, transferred interolog scores will be decoupled.
SRC_B4_STRING_RICE_ALIASES	STRING	Protein-Protein Association Database	Oryza sativa Japonica Group	39947	v12.0	2026-09-21	2023-06-25	2026-09-21	https://stringdb-downloads.org/download/protein.aliases.v12.0/39947.protein.aliases.v12.0.txt.gz	https://string-db.org/	taxid:39947	39947.protein.aliases.v12.0.txt.gz	data/raw/rice/string/39947.protein.aliases.v12.0.txt.gz	STRING TSV (gzipped)	gzip	2248066	4b979480e7ee69f43aac1f3acfad7a183eeac7209af533dd65496954d553ddab	NONE	Creative Commons Attribution 4.0 International (CC BY 4.0)	https://string-db.org/cgi/access.pl?footer_active_subpage=licensing	Szklarczyk D, et al. Nucleic Acids Res. 2023;51(D1):D638-D646.	10.1093/nar/gkac1000	36370105	supplemental_source	protein_aliases	True	False	False	HTTPS bulk download	scripts/phase1_download_sources.py	Rice v12.0 evidence channels. In later phases, transferred interolog scores will be decoupled.
SRC_C1_INTACT_MAIZE	IntAct / IMEx	Molecular Interaction Database	Zea mays	4577	Release 252	2026-09-21	2026-01-20	2026-09-21	https://www.ebi.ac.uk/Tools/webservices/psicquic/intact/webservices/current/search/query/species:4577?format=tab27	https://www.ebi.ac.uk/intact/	taxid:4577	intact_maize_taxid4577_release252.mitab27.txt	data/raw/external_holdout/maize/intact_maize_taxid4577_release252.mitab27.txt	PSI-MI TAB 2.7	none	97166774	a2cffbe986421bf403749991d41be4373cf83083f520505f9b80fa2c4e2394e5	NONE	Creative Commons Attribution 4.0 International (CC BY 4.0)	https://www.ebi.ac.uk/about/terms-of-use	del-Toro N, et al. Nucleic Acids Res. 2022;50(D1):D648-D653.	10.1093/nar/gkab1006	34791374	external_species_holdout	direct_and_association	False	True	False	PSICQUIC REST API	scripts/phase1_download_sources.py	Quarantined external holdout for Zea mays. Do NOT use in training or model selection.
SRC_C1_STRING_MAIZE_PHYSICAL	STRING	Protein-Protein Association Database	Zea mays	4577	v12.0	2026-09-21	2023-06-25	2026-09-21	https://stringdb-downloads.org/download/protein.physical.links.detailed.v12.0/4577.protein.physical.links.detailed.v12.0.txt.gz	https://string-db.org/	taxid:4577	4577.protein.physical.links.detailed.v12.0.txt.gz	data/raw/external_holdout/maize/4577.protein.physical.links.detailed.v12.0.txt.gz	STRING TSV (gzipped)	gzip	19444038	d57323f6f21d053cf09626eb2fd9d09de7ade2f2f86848c54451bcbdd46a43ea	NONE	Creative Commons Attribution 4.0 International (CC BY 4.0)	https://string-db.org/cgi/access.pl?footer_active_subpage=licensing	Szklarczyk D, et al. Nucleic Acids Res. 2023;51(D1):D638-D646.	10.1093/nar/gkac1000	36370105	external_species_holdout	physical_links_detailed	False	True	False	HTTPS bulk download	scripts/phase1_download_sources.py	Quarantined external holdout for Zea mays. Contains transferred interologs.
SRC_C2_INTACT_TOMATO	IntAct / IMEx	Molecular Interaction Database	Solanum lycopersicum	4081	Release 252	2026-09-21	2026-01-20	2026-09-21	https://www.ebi.ac.uk/Tools/webservices/psicquic/intact/webservices/current/search/query/species:4081?format=tab27	https://www.ebi.ac.uk/intact/	taxid:4081	intact_tomato_taxid4081_release252.mitab27.txt	data/raw/external_holdout/tomato/intact_tomato_taxid4081_release252.mitab27.txt	PSI-MI TAB 2.7	none	63108	3081c87e746acf0e3450eb304c880c5756b57c88cf895a955bd9c1966dca4951	NONE	Creative Commons Attribution 4.0 International (CC BY 4.0)	https://www.ebi.ac.uk/about/terms-of-use	del-Toro N, et al. Nucleic Acids Res. 2022;50(D1):D648-D653.	10.1093/nar/gkab1006	34791374	external_species_holdout	direct_and_association	False	True	False	PSICQUIC REST API	scripts/phase1_download_sources.py	Quarantined external holdout for Solanum lycopersicum. Do NOT use in training or model selection.
SRC_C2_STRING_TOMATO_PHYSICAL	STRING	Protein-Protein Association Database	Solanum lycopersicum	4081	v12.0	2026-09-21	2023-06-25	2026-09-21	https://stringdb-downloads.org/download/protein.physical.links.detailed.v12.0/4081.protein.physical.links.detailed.v12.0.txt.gz	https://string-db.org/	taxid:4081	4081.protein.physical.links.detailed.v12.0.txt.gz	data/raw/external_holdout/tomato/4081.protein.physical.links.detailed.v12.0.txt.gz	STRING TSV (gzipped)	gzip	10942272	1bde4249231dd2174c710c31f139c1346e3279a32ea5a236254b8eea56d0ba60	NONE	Creative Commons Attribution 4.0 International (CC BY 4.0)	https://string-db.org/cgi/access.pl?footer_active_subpage=licensing	Szklarczyk D, et al. Nucleic Acids Res. 2023;51(D1):D638-D646.	10.1093/nar/gkac1000	36370105	external_species_holdout	physical_links_detailed	False	True	False	HTTPS bulk download	scripts/phase1_download_sources.py	Quarantined external holdout for Solanum lycopersicum. Contains transferred interologs.
SRC_C3_INTACT_SOYBEAN	IntAct / IMEx	Molecular Interaction Database	Glycine max	3847	Release 252	2026-09-21	2026-01-20	2026-09-21	https://www.ebi.ac.uk/Tools/webservices/psicquic/intact/webservices/current/search/query/species:3847?format=tab27	https://www.ebi.ac.uk/intact/	taxid:3847	intact_soybean_taxid3847_release252.mitab27.txt	data/raw/external_holdout/soybean/intact_soybean_taxid3847_release252.mitab27.txt	PSI-MI TAB 2.7	none	48719	c4ee7c090ac6dcb1fdaa375a2d79630ff4f1e723269abd8aefda1953b069fe0d	NONE	Creative Commons Attribution 4.0 International (CC BY 4.0)	https://www.ebi.ac.uk/about/terms-of-use	del-Toro N, et al. Nucleic Acids Res. 2022;50(D1):D648-D653.	10.1093/nar/gkab1006	34791374	external_species_holdout	direct_and_association	False	True	False	PSICQUIC REST API	scripts/phase1_download_sources.py	Quarantined external holdout for Glycine max. Do NOT use in training or model selection.
SRC_C3_STRING_SOYBEAN_PHYSICAL	STRING	Protein-Protein Association Database	Glycine max	3847	v12.0	2026-09-21	2023-06-25	2026-09-21	https://stringdb-downloads.org/download/protein.physical.links.detailed.v12.0/3847.protein.physical.links.detailed.v12.0.txt.gz	https://string-db.org/	taxid:3847	3847.protein.physical.links.detailed.v12.0.txt.gz	data/raw/external_holdout/soybean/3847.protein.physical.links.detailed.v12.0.txt.gz	STRING TSV (gzipped)	gzip	23240128	0a3ba79dfbb31f550818846e2d1a279202b597ddd30e0bdc8a22556c755ae8bc	NONE	Creative Commons Attribution 4.0 International (CC BY 4.0)	https://string-db.org/cgi/access.pl?footer_active_subpage=licensing	Szklarczyk D, et al. Nucleic Acids Res. 2023;51(D1):D638-D646.	10.1093/nar/gkac1000	36370105	external_species_holdout	physical_links_detailed	False	True	False	HTTPS bulk download	scripts/phase1_download_sources.py	Quarantined external holdout for Glycine max. Contains transferred interologs.
SRC_D1_DEEPARAPPI_all_rice_PPI_positive_DeepAraPPI_txt	DeepAraPPI Published Benchmark	Historical Plant PPI Benchmark	Arabidopsis thaliana / Oryza sativa	3702	2023 Publication Benchmark	2024-03-01	2023-03-24	2026-09-21	https://github.com/flynn-liu/DeepAraPPI	https://doi.org/10.1111/tpj.16188	DeepAraPPI_TPJ_2023	all_rice_PPI_positive_DeepAraPPI.txt	data/raw/legacy_benchmarks/deeparappi/all_rice_PPI_positive_DeepAraPPI.txt	Whitespace-delimited text	none	9188	752940d62dfe10b8a90868807ce451bc002fb273d036de0e7d1267254fa6d536	NONE	Research / Non-Commercial Academic Use	https://github.com/flynn-liu/DeepAraPPI	Zheng J, Yang X, Huang Y, Yang S, Wuchty S, Zhang Z. Deep learning-assisted prediction of protein-protein interactions in Arabidopsis thaliana. The Plant Journal. 2023;114(4):984-994.	10.1111/tpj.16188	36919205	legacy_benchmark	benchmark_pairs	False	False	False	Local repository mirror	scripts/phase1_download_sources.py	Unaltered published benchmark file from DeepAraPPI (Zheng et al., The Plant Journal 2023; 114(4):984-994). Local repository snapshot date: 2024-03-01.
SRC_D1_DEEPARAPPI_all_rice_positive_negative_DeepAraPPI_txt	DeepAraPPI Published Benchmark	Historical Plant PPI Benchmark	Arabidopsis thaliana / Oryza sativa	3702	2023 Publication Benchmark	2024-03-01	2023-03-24	2026-09-21	https://github.com/flynn-liu/DeepAraPPI	https://doi.org/10.1111/tpj.16188	DeepAraPPI_TPJ_2023	all_rice_positive_negative_DeepAraPPI.txt	data/raw/legacy_benchmarks/deeparappi/all_rice_positive_negative_DeepAraPPI.txt	Whitespace-delimited text	none	114680	53cef7cd52c478a01d510aaea07aae45015cecd3e3d9f9da2c7668093a0bb006	NONE	Research / Non-Commercial Academic Use	https://github.com/flynn-liu/DeepAraPPI	Zheng J, Yang X, Huang Y, Yang S, Wuchty S, Zhang Z. Deep learning-assisted prediction of protein-protein interactions in Arabidopsis thaliana. The Plant Journal. 2023;114(4):984-994.	10.1111/tpj.16188	36919205	legacy_benchmark	benchmark_pairs	False	False	False	Local repository mirror	scripts/phase1_download_sources.py	Unaltered published benchmark file from DeepAraPPI (Zheng et al., The Plant Journal 2023; 114(4):984-994). Local repository snapshot date: 2024-03-01.
SRC_D1_DEEPARAPPI_c1_ppi_sample_DeepAraPPI_txt	DeepAraPPI Published Benchmark	Historical Plant PPI Benchmark	Arabidopsis thaliana / Oryza sativa	3702	2023 Publication Benchmark	2024-03-01	2023-03-24	2026-09-21	https://github.com/flynn-liu/DeepAraPPI	https://doi.org/10.1111/tpj.16188	DeepAraPPI_TPJ_2023	c1_ppi_sample_DeepAraPPI.txt	data/raw/legacy_benchmarks/deeparappi/c1_ppi_sample_DeepAraPPI.txt	Whitespace-delimited text	none	544972	077b3b7911873c9d8274b56316ad313064a70129ac711037f4ccb470bdebe0d1	NONE	Research / Non-Commercial Academic Use	https://github.com/flynn-liu/DeepAraPPI	Zheng J, Yang X, Huang Y, Yang S, Wuchty S, Zhang Z. Deep learning-assisted prediction of protein-protein interactions in Arabidopsis thaliana. The Plant Journal. 2023;114(4):984-994.	10.1111/tpj.16188	36919205	legacy_benchmark	benchmark_pairs	False	False	False	Local repository mirror	scripts/phase1_download_sources.py	Unaltered published benchmark file from DeepAraPPI (Zheng et al., The Plant Journal 2023; 114(4):984-994). Local repository snapshot date: 2024-03-01.
SRC_D1_DEEPARAPPI_c2_ppi_sample_DeepAraPPI_txt	DeepAraPPI Published Benchmark	Historical Plant PPI Benchmark	Arabidopsis thaliana / Oryza sativa	3702	2023 Publication Benchmark	2024-03-01	2023-03-24	2026-09-21	https://github.com/flynn-liu/DeepAraPPI	https://doi.org/10.1111/tpj.16188	DeepAraPPI_TPJ_2023	c2_ppi_sample_DeepAraPPI.txt	data/raw/legacy_benchmarks/deeparappi/c2_ppi_sample_DeepAraPPI.txt	Whitespace-delimited text	none	1151259	545028402cf65d662d8ed1ac50c60cfea514841491cccfaa881625709762a9fd	NONE	Research / Non-Commercial Academic Use	https://github.com/flynn-liu/DeepAraPPI	Zheng J, Yang X, Huang Y, Yang S, Wuchty S, Zhang Z. Deep learning-assisted prediction of protein-protein interactions in Arabidopsis thaliana. The Plant Journal. 2023;114(4):984-994.	10.1111/tpj.16188	36919205	legacy_benchmark	benchmark_pairs	False	False	False	Local repository mirror	scripts/phase1_download_sources.py	Unaltered published benchmark file from DeepAraPPI (Zheng et al., The Plant Journal 2023; 114(4):984-994). Local repository snapshot date: 2024-03-01.
SRC_D1_DEEPARAPPI_c3_ppi_sample_DeepAraPPI_txt	DeepAraPPI Published Benchmark	Historical Plant PPI Benchmark	Arabidopsis thaliana / Oryza sativa	3702	2023 Publication Benchmark	2024-03-01	2023-03-24	2026-09-21	https://github.com/flynn-liu/DeepAraPPI	https://doi.org/10.1111/tpj.16188	DeepAraPPI_TPJ_2023	c3_ppi_sample_DeepAraPPI.txt	data/raw/legacy_benchmarks/deeparappi/c3_ppi_sample_DeepAraPPI.txt	Whitespace-delimited text	none	577611	d3f532fcb37c6dc793d90fb2d519b9acab197f5283e244a395747444ca8538f7	NONE	Research / Non-Commercial Academic Use	https://github.com/flynn-liu/DeepAraPPI	Zheng J, Yang X, Huang Y, Yang S, Wuchty S, Zhang Z. Deep learning-assisted prediction of protein-protein interactions in Arabidopsis thaliana. The Plant Journal. 2023;114(4):984-994.	10.1111/tpj.16188	36919205	legacy_benchmark	benchmark_pairs	False	False	False	Local repository mirror	scripts/phase1_download_sources.py	Unaltered published benchmark file from DeepAraPPI (Zheng et al., The Plant Journal 2023; 114(4):984-994). Local repository snapshot date: 2024-03-01.
SRC_D1_DEEPARAPPI_total_positive_negative_samples_DeepAraPPI_txt	DeepAraPPI Published Benchmark	Historical Plant PPI Benchmark	Arabidopsis thaliana / Oryza sativa	3702	2023 Publication Benchmark	2024-03-01	2023-03-24	2026-09-21	https://github.com/flynn-liu/DeepAraPPI	https://doi.org/10.1111/tpj.16188	DeepAraPPI_TPJ_2023	total_positive_negative_samples_DeepAraPPI.txt	data/raw/legacy_benchmarks/deeparappi/total_positive_negative_samples_DeepAraPPI.txt	Whitespace-delimited text	none	2274597	cb52dcd651a53d8f31cc3a6a34e1777dad9a70fbc042a980bdb789f3058be18f	NONE	Research / Non-Commercial Academic Use	https://github.com/flynn-liu/DeepAraPPI	Zheng J, Yang X, Huang Y, Yang S, Wuchty S, Zhang Z. Deep learning-assisted prediction of protein-protein interactions in Arabidopsis thaliana. The Plant Journal. 2023;114(4):984-994.	10.1111/tpj.16188	36919205	legacy_benchmark	benchmark_pairs	False	False	False	Local repository mirror	scripts/phase1_download_sources.py	Unaltered published benchmark file from DeepAraPPI (Zheng et al., The Plant Journal 2023; 114(4):984-994). Local repository snapshot date: 2024-03-01.
SRC_D1_DEEPARAPPI_total_positive_samples_DeepAraPPI_txt	DeepAraPPI Published Benchmark	Historical Plant PPI Benchmark	Arabidopsis thaliana / Oryza sativa	3702	2023 Publication Benchmark	2024-03-01	2023-03-24	2026-09-21	https://github.com/flynn-liu/DeepAraPPI	https://doi.org/10.1111/tpj.16188	DeepAraPPI_TPJ_2023	total_positive_samples_DeepAraPPI.txt	data/raw/legacy_benchmarks/deeparappi/total_positive_samples_DeepAraPPI.txt	Whitespace-delimited text	none	179686	783766eb90077a0732ecf20092314b217939ad1ccc668c05b78180ff717241b0	NONE	Research / Non-Commercial Academic Use	https://github.com/flynn-liu/DeepAraPPI	Zheng J, Yang X, Huang Y, Yang S, Wuchty S, Zhang Z. Deep learning-assisted prediction of protein-protein interactions in Arabidopsis thaliana. The Plant Journal. 2023;114(4):984-994.	10.1111/tpj.16188	36919205	legacy_benchmark	benchmark_pairs	False	False	False	Local repository mirror	scripts/phase1_download_sources.py	Unaltered published benchmark file from DeepAraPPI (Zheng et al., The Plant Journal 2023; 114(4):984-994). Local repository snapshot date: 2024-03-01.
SRC_D2_ESMARAPPI_c1Train_txt	ESMAraPPI Published Benchmark	Historical Plant PPI Benchmark	Arabidopsis thaliana	3702	2023 Publication Benchmark	2024-05-01	2023-12-05	2026-09-21	https://github.com/NENUBioCompute/ESMAraPPI	https://doi.org/10.1186/s13007-023-01119-6	ESMAraPPI_PM_2023	c1Train.txt	data/raw/legacy_benchmarks/esmarappi/c1Train.txt	Tab-delimited text / FASTA	none	638980	174e6a3c65d448a957f1d384cf41f9553c95628e475e492c0157d9ca2c845dc3	NONE	Research / Non-Commercial Academic Use	https://github.com/NENUBioCompute/ESMAraPPI	Zhou K, Lei C, Zheng J, Huang Y, Zhang Z. Pre-trained protein language model sheds new light on the prediction of Arabidopsis protein–protein interactions. Plant Methods. 2023;19:141.	10.1186/s13007-023-01119-6	38062445	legacy_benchmark	benchmark_pairs	False	False	False	Local repository mirror	scripts/phase1_download_sources.py	Unaltered published benchmark file from ESMAraPPI (Zhou et al., Plant Methods 2023; 19:141). Local repository snapshot date: 2024-05-01.
SRC_D2_ESMARAPPI_c2Pred_txt	ESMAraPPI Published Benchmark	Historical Plant PPI Benchmark	Arabidopsis thaliana	3702	2023 Publication Benchmark	2024-05-01	2023-12-05	2026-09-21	https://github.com/NENUBioCompute/ESMAraPPI	https://doi.org/10.1186/s13007-023-01119-6	ESMAraPPI_PM_2023	c2Pred.txt	data/raw/legacy_benchmarks/esmarappi/c2Pred.txt	Tab-delimited text / FASTA	none	1431012	c8c85979c35417763907cf02af24646e575076698617a509bcb36f961e255433	NONE	Research / Non-Commercial Academic Use	https://github.com/NENUBioCompute/ESMAraPPI	Zhou K, Lei C, Zheng J, Huang Y, Zhang Z. Pre-trained protein language model sheds new light on the prediction of Arabidopsis protein–protein interactions. Plant Methods. 2023;19:141.	10.1186/s13007-023-01119-6	38062445	legacy_benchmark	benchmark_pairs	False	False	False	Local repository mirror	scripts/phase1_download_sources.py	Unaltered published benchmark file from ESMAraPPI (Zhou et al., Plant Methods 2023; 19:141). Local repository snapshot date: 2024-05-01.
SRC_D2_ESMARAPPI_c3Pred_txt	ESMAraPPI Published Benchmark	Historical Plant PPI Benchmark	Arabidopsis thaliana	3702	2023 Publication Benchmark	2024-05-01	2023-12-05	2026-09-21	https://github.com/NENUBioCompute/ESMAraPPI	https://doi.org/10.1186/s13007-023-01119-6	ESMAraPPI_PM_2023	c3Pred.txt	data/raw/legacy_benchmarks/esmarappi/c3Pred.txt	Tab-delimited text / FASTA	none	339216	143218a13e4fa46c9322b688266f5cbbddf6792ec29dfc887a4d11831fb3c8fe	NONE	Research / Non-Commercial Academic Use	https://github.com/NENUBioCompute/ESMAraPPI	Zhou K, Lei C, Zheng J, Huang Y, Zhang Z. Pre-trained protein language model sheds new light on the prediction of Arabidopsis protein–protein interactions. Plant Methods. 2023;19:141.	10.1186/s13007-023-01119-6	38062445	legacy_benchmark	benchmark_pairs	False	False	False	Local repository mirror	scripts/phase1_download_sources.py	Unaltered published benchmark file from ESMAraPPI (Zhou et al., Plant Methods 2023; 19:141). Local repository snapshot date: 2024-05-01.
SRC_D2_ESMARAPPI_missing_esmarappi_fasta	ESMAraPPI Published Benchmark	Historical Plant PPI Benchmark	Arabidopsis thaliana	3702	2023 Publication Benchmark	2024-05-01	2023-12-05	2026-09-21	https://github.com/NENUBioCompute/ESMAraPPI	https://doi.org/10.1186/s13007-023-01119-6	ESMAraPPI_PM_2023	missing_esmarappi.fasta	data/raw/legacy_benchmarks/esmarappi/missing_esmarappi.fasta	Tab-delimited text / FASTA	none	2988	5c841c4b71a022979a99167c354fc3a9ddf0a6ec29f1df088dff0fc15f944771	NONE	Research / Non-Commercial Academic Use	https://github.com/NENUBioCompute/ESMAraPPI	Zhou K, Lei C, Zheng J, Huang Y, Zhang Z. Pre-trained protein language model sheds new light on the prediction of Arabidopsis protein–protein interactions. Plant Methods. 2023;19:141.	10.1186/s13007-023-01119-6	38062445	legacy_benchmark	benchmark_pairs	False	False	False	Local repository mirror	scripts/phase1_download_sources.py	Unaltered published benchmark file from ESMAraPPI (Zhou et al., Plant Methods 2023; 19:141). Local repository snapshot date: 2024-05-01.
SRC_D2_ESMARAPPI_missing_esmarappi_ids_txt	ESMAraPPI Published Benchmark	Historical Plant PPI Benchmark	Arabidopsis thaliana	3702	2023 Publication Benchmark	2024-05-01	2023-12-05	2026-09-21	https://github.com/NENUBioCompute/ESMAraPPI	https://doi.org/10.1186/s13007-023-01119-6	ESMAraPPI_PM_2023	missing_esmarappi_ids.txt	data/raw/legacy_benchmarks/esmarappi/missing_esmarappi_ids.txt	Tab-delimited text / FASTA	none	56	be83fdfba035d34c9a1c8b8354b46b9e42875046728588f0b45a4cae5df82935	NONE	Research / Non-Commercial Academic Use	https://github.com/NENUBioCompute/ESMAraPPI	Zhou K, Lei C, Zheng J, Huang Y, Zhang Z. Pre-trained protein language model sheds new light on the prediction of Arabidopsis protein–protein interactions. Plant Methods. 2023;19:141.	10.1186/s13007-023-01119-6	38062445	legacy_benchmark	benchmark_pairs	False	False	False	Local repository mirror	scripts/phase1_download_sources.py	Unaltered published benchmark file from ESMAraPPI (Zhou et al., Plant Methods 2023; 19:141). Local repository snapshot date: 2024-05-01.
SRC_D3_ARACOFUSION_PROVENANCE	ARACoFusion Provenance Document	Historical Plant PPI Benchmark Note	Arabidopsis thaliana / Oryza sativa	3702	2026 bioRxiv Preprint	2026-06-01	2026-05-26	2026-09-21	https://doi.org/10.64898/2026.05.22.727120	https://doi.org/10.64898/2026.05.22.727120	bioRxiv:10.64898/2026.05.22.727120	README.md	data/raw/legacy_benchmarks/aracofusion/README.md	Markdown	none	759	3db32c44d6de52ca8a2215880825e2e3b8fab818509a0c99b8cf4e5d7f347c43	NONE	CC-BY-NC-ND 4.0 International	https://creativecommons.org/licenses/by-nc-nd/4.0/	Sarkar D, Sarkar C. ARACoFusion: Uncertainty-aware calibrated deep learning for protein-protein interaction network prediction in Arabidopsis thaliana. bioRxiv. 2026; doi:10.64898/2026.05.22.727120.	10.64898/2026.05.22.727120	NONE	legacy_benchmark	provenance_note	False	False	False	Curated provenance documentation	scripts/phase1_download_sources.py	Documents bitwise dataset equivalence of ARACoFusion to ESMAraPPI (Zhou et al., 2023) and DeepAraPPI (Zheng et al., 2023). bioRxiv preprint posted May 26, 2026; literature review snapshot date: 2026-06-01.
